timestamp,air_temp_c,humidity_percent,water_soil_temp_c,air_pressure_hpa,air_pressure_status,soil_moisture_raw,soil_moisture_status,light_level_raw,light_level_status,rain_level_raw,rain_level_status,co2_ppm,nh3_ppm,voc_ppm,nitrogen_mg_kg,nitrogen_status,phosphorus_mg_kg,phosphorus_status,potassium_mg_kg,potassium_status
2025-08-07 20:50:54,N/A,N/A,29.19,1008.98,Normal,18138,Optimal,913,Bright Light,25004,Dry,167025.74,67315.47,197771.03,0,Low,33,Optimal,N/A,N/A
2025-08-07 20:55:57,26.85,91.00,29.12,1008.95,Normal,17765,Optimal,906,Bright Light,25158,Dry,170216.92,68462.93,201666.69,0,Low,33,Optimal,25,Low
2025-08-07 21:01:00,27.25,91.00,29.12,1009.07,Normal,18044,Optimal,927,Bright Light,25785,Dry,151370.56,61651.32,178693.67,0,Low,33,Optimal,25,Low
2025-08-07 21:06:01,27.45,88.70,29.06,1009.05,Normal,18029,Optimal,926,Bright Light,25787,Dry,139599.54,57351.35,164389.09,0,Low,32,Optimal,25,Low
2025-08-07 21:11:03,27.55,89.50,29.00,1009.09,Normal,17828,Optimal,926,Bright Light,25788,Dry,144774.41,59246.32,170673.40,0,Low,32,Optimal,25,Low
2025-08-07 21:16:05,27.65,87.90,28.94,1009.01,Normal,17807,Optimal,926,Bright Light,25795,Dry,148007.56,60426.58,174603.23,0,Low,32,Optimal,25,Low
2025-08-07 21:21:07,27.55,87.30,28.94,1009.02,Normal,18171,Optimal,926,Bright Light,25784,Dry,146678.36,59941.70,172987.29,0,Low,32,Optimal,25,Low
2025-08-07 21:26:08,27.65,87.20,28.88,1008.99,Normal,17858,Optimal,926,Bright Light,25793,Dry,146163.90,59753.90,172361.97,0,Low,32,Optimal,25,Low
2025-08-07 21:31:12,27.65,87.50,28.81,1009.03,Normal,18106,Optimal,926,Bright Light,25786,Dry,144483.16,59139.87,170319.53,0,Low,32,Optimal,25,Low
2025-08-07 21:36:15,27.65,87.10,28.75,1009.04,Normal,18194,Optimal,927,Bright Light,25702,Dry,144192.36,59033.55,169966.22,0,Low,32,Optimal,25,Low
2025-08-07 21:41:19,27.65,88.40,28.75,1009.07,Normal,18386,Optimal,927,Bright Light,25804,Dry,143250.32,58688.98,168821.83,0,Low,32,Optimal,25,Low
2025-08-07 21:46:23,27.65,87.10,28.75,1009.10,Normal,18173,Optimal,927,Bright Light,25803,Dry,147489.57,60237.68,173973.44,0,Low,32,Optimal,24,Low
2025-08-07 21:51:27,27.65,87.60,28.69,1009.17,Normal,18114,Optimal,927,Bright Light,25807,Dry,150393.13,61295.66,177504.53,0,Low,32,Optimal,24,Low
2025-08-07 21:56:30,27.65,87.30,28.62,1009.18,Normal,18145,Optimal,927,Bright Light,25797,Dry,148526.93,60615.92,175234.76,0,Low,32,Optimal,24,Low
2025-08-07 22:01:32,27.65,87.40,28.62,1009.13,Normal,18251,Optimal,928,Bright Light,25812,Dry,146678.36,59941.70,172987.29,0,Low,32,Optimal,24,Low
2025-08-07 22:06:34,27.75,87.50,28.56,1009.20,Normal,18192,Optimal,928,Bright Light,25805,Dry,147489.57,60237.68,173973.44,0,Low,32,Optimal,24,Low
2025-08-07 22:11:38,27.75,86.70,28.56,1009.21,Normal,18284,Optimal,928,Bright Light,25752,Dry,146457.71,59861.16,172719.09,0,Low,32,Optimal,24,Low
2025-08-07 22:16:41,27.85,86.80,28.50,1009.22,Normal,18349,Optimal,928,Bright Light,25811,Dry,147341.83,60183.78,173793.82,0,Low,32,Optimal,24,Low
2025-08-07 22:21:43,27.75,87.40,28.50,1009.26,Normal,18508,Optimal,928,Bright Light,25816,Dry,149047.69,60805.69,175868.04,0,Low,32,Optimal,24,Low
2025-08-07 22:26:45,27.55,88.00,28.44,1009.18,Normal,18385,Optimal,928,Bright Light,25815,Dry,148526.93,60615.92,175234.76,0,Low,32,Optimal,24,Low
2025-08-07 22:31:47,27.65,87.50,28.44,1009.29,Normal,18431,Optimal,928,Bright Light,25809,Dry,146163.90,59753.90,172361.97,0,Low,32,Optimal,24,Low
2025-08-07 22:36:51,27.65,87.50,28.44,1009.49,Normal,18441,Optimal,928,Bright Light,25811,Dry,148824.34,60724.31,175596.42,0,Low,32,Optimal,24,Low
2025-08-07 22:41:54,27.65,87.80,28.38,1009.47,Normal,18431,Optimal,928,Bright Light,25819,Dry,148229.98,60507.68,174873.67,0,Low,31,Optimal,24,Low
2025-08-07 22:46:56,27.75,88.00,28.38,1009.58,Normal,18293,Optimal,924,Bright Light,25722,Dry,150393.13,61295.66,177504.53,0,Low,31,Optimal,24,Low
2025-08-07 22:51:59,27.85,87.30,28.31,1009.52,Normal,18400,Optimal,928,Bright Light,25814,Dry,153111.66,62284.25,180812.49,0,Low,31,Optimal,24,Low
2025-08-07 22:57:02,27.95,87.20,28.31,1009.57,Normal,18398,Optimal,928,Bright Light,25825,Dry,152883.70,62201.42,180535.04,0,Low,31,Optimal,24,Low
2025-08-07 23:02:04,N/A,N/A,28.31,1009.52,Normal,18382,Optimal,928,Bright Light,25818,Dry,152352.80,62008.48,179888.91,0,Low,31,Optimal,24,Low
2025-08-07 23:07:07,27.95,86.70,28.31,1009.52,Normal,18582,Optimal,928,Bright Light,25819,Dry,152504.34,62063.56,180073.34,0,Low,31,Optimal,24,Low
2025-08-07 23:12:10,27.95,86.20,28.31,1009.42,Normal,18347,Optimal,928,Bright Light,25830,Dry,153797.09,62533.21,181646.82,0,Low,31,Optimal,24,Low
2025-08-07 23:17:14,28.05,86.80,28.25,1009.58,Normal,18348,Optimal,928,Bright Light,25834,Dry,151823.30,61815.98,179244.56,0,Low,31,Optimal,24,Low
2025-08-07 23:22:17,N/A,N/A,28.25,1009.58,Normal,18371,Optimal,925,Bright Light,25823,Dry,152125.70,61925.93,179612.54,0,Low,31,Optimal,24,Low
2025-08-07 23:27:20,28.15,86.10,28.25,1009.53,Normal,18387,Optimal,927,Bright Light,25813,Dry,151747.77,61788.51,179152.65,0,Low,31,Optimal,24,Low
2025-08-07 23:32:21,28.25,85.70,28.25,1009.58,Normal,18155,Optimal,927,Bright Light,25816,Dry,151596.80,61733.61,178968.95,0,Low,31,Optimal,24,Low
2025-08-07 23:37:26,28.15,86.00,28.19,1009.53,Normal,18852,Optimal,927,Bright Light,25803,Dry,151144.57,61569.11,178418.71,0,Low,31,Optimal,23,Low
2025-08-07 23:42:27,28.15,86.20,28.19,1009.62,Normal,18634,Optimal,927,Bright Light,25810,Dry,153873.39,62560.91,181739.70,0,Low,31,Optimal,23,Low
2025-08-07 23:47:30,N/A,N/A,28.19,1009.50,Normal,18681,Optimal,927,Bright Light,25807,Dry,152125.70,61925.93,179612.54,0,Low,31,Optimal,23,Low
2025-08-07 23:52:34,28.15,86.70,28.19,1009.46,Normal,18656,Optimal,927,Bright Light,25808,Dry,152580.16,62091.12,180165.60,0,Low,31,Optimal,23,Low
2025-08-07 23:57:38,28.05,86.10,28.12,1009.35,Normal,18725,Optimal,927,Bright Light,25802,Dry,154637.99,62838.47,182670.56,0,Low,31,Optimal,23,Low
2025-08-08 00:02:41,28.05,86.60,28.12,1009.19,Normal,18771,Optimal,927,Bright Light,25810,Dry,154714.61,62866.28,182763.85,0,Low,31,Optimal,23,Low
2025-08-08 00:07:43,28.15,86.70,28.12,1009.13,Normal,18769,Optimal,927,Bright Light,25712,Dry,152125.70,61925.93,179612.54,0,Low,31,Optimal,23,Low
2025-08-08 00:12:48,28.15,86.10,28.12,1009.12,Normal,18826,Optimal,927,Bright Light,25810,Dry,155251.75,63061.17,183417.87,0,Low,31,Optimal,23,Low
2025-08-08 00:17:51,28.15,85.90,28.12,1009.01,Normal,18872,Optimal,927,Bright Light,25812,Dry,153492.16,62422.47,181275.64,0,Low,31,Optimal,23,Low
2025-08-08 00:22:54,28.15,86.70,28.12,1009.03,Normal,18961,Optimal,927,Bright Light,25803,Dry,154255.33,62699.58,182204.68,0,Low,31,Optimal,23,Low
2025-08-08 00:27:56,28.15,85.80,28.06,1009.04,Normal,18977,Optimal,927,Bright Light,25810,Dry,153873.39,62560.91,181739.70,0,Low,31,Optimal,23,Low
2025-08-08 00:32:59,28.15,87.20,28.06,1008.92,Normal,18940,Optimal,927,Bright Light,25803,Dry,151747.77,61788.51,179152.65,0,Low,31,Optimal,23,Low
2025-08-08 00:38:01,28.05,86.20,28.06,1008.99,Normal,19086,Optimal,928,Bright Light,25814,Dry,155021.38,62977.59,183137.36,0,Low,31,Optimal,23,Low
2025-08-08 00:43:06,N/A,N/A,28.00,1008.92,Normal,19030,Optimal,924,Bright Light,25711,Dry,153492.16,62422.47,181275.64,0,Low,31,Optimal,23,Low
2025-08-08 00:48:12,28.15,86.20,28.00,1008.85,Normal,19076,Optimal,927,Bright Light,25807,Dry,154867.94,62921.92,182950.53,0,Low,31,Optimal,23,Low
2025-08-08 00:53:15,28.15,86.30,28.00,1008.66,Normal,19095,Optimal,927,Bright Light,25813,Dry,155713.29,63228.57,183979.90,0,Low,31,Optimal,23,Low
2025-08-08 00:58:19,28.15,85.20,28.00,1008.63,Normal,19092,Optimal,927,Bright Light,25807,Dry,156330.29,63452.28,184731.32,0,Low,31,Optimal,23,Low
2025-08-08 01:03:22,28.15,85.00,28.00,1008.52,Normal,19107,Optimal,927,Bright Light,25815,Dry,156253.07,63424.28,184637.26,0,Low,31,Optimal,23,Low
2025-08-08 01:08:25,28.05,85.70,28.00,1008.41,Normal,19098,Optimal,927,Bright Light,25804,Dry,156098.70,63368.32,184449.26,0,Low,31,Optimal,23,Low
2025-08-08 01:13:29,28.05,85.00,27.94,1008.38,Normal,19165,Optimal,927,Bright Light,25813,Dry,156562.15,63536.31,185013.71,0,Low,31,Optimal,23,Low
2025-08-08 01:18:32,27.95,85.30,27.94,1008.22,Normal,19155,Optimal,927,Bright Light,25811,Dry,158504.46,64239.81,187379.86,0,Low,31,Optimal,23,Low
2025-08-08 01:23:39,27.95,85.60,27.88,1008.18,Normal,19217,Optimal,927,Bright Light,25814,Dry,156098.70,63368.32,184449.26,0,Low,31,Optimal,23,Low
2025-08-08 01:28:44,27.95,86.00,27.88,1008.15,Normal,19233,Optimal,927,Bright Light,25813,Dry,155405.48,63116.93,183605.07,0,Low,31,Optimal,23,Low
2025-08-08 01:33:48,27.85,86.20,27.88,1008.06,Normal,19210,Optimal,927,Bright Light,25813,Dry,153949.72,62588.63,181832.62,0,Low,31,Optimal,23,Low
2025-08-08 01:38:51,27.85,86.00,27.81,1008.01,Normal,19359,Optimal,928,Bright Light,25816,Dry,156175.87,63396.29,184543.24,0,Low,31,Optimal,23,Low
2025-08-08 01:43:56,27.95,87.20,27.81,1008.02,Normal,19320,Optimal,924,Bright Light,25813,Dry,154714.61,62866.28,182763.85,0,Low,31,Optimal,23,Low
2025-08-08 01:48:58,27.95,85.90,27.81,1007.79,Normal,19202,Optimal,928,Bright Light,25806,Dry,153339.88,62367.15,181090.27,0,Low,31,Optimal,23,Low
2025-08-08 01:54:00,27.85,86.00,27.81,1007.87,Normal,19202,Optimal,928,Bright Light,25710,Dry,155405.48,63116.93,183605.07,0,Low,31,Optimal,23,Low
2025-08-08 01:59:03,27.75,86.10,27.75,1007.79,Normal,19229,Optimal,928,Bright Light,25812,Dry,155944.45,63312.39,184261.41,0,Low,31,Optimal,23,Low
2025-08-08 02:04:07,27.85,85.70,27.75,1007.82,Normal,19281,Optimal,928,Bright Light,25807,Dry,155636.29,63200.65,183886.14,0,Low,31,Optimal,23,Low
2025-08-08 02:09:11,27.85,85.80,27.69,1007.79,Normal,19163,Optimal,928,Bright Light,25815,Dry,153187.70,62311.87,180905.05,0,Low,31,Optimal,23,Low
2025-08-08 02:14:14,27.85,85.90,27.69,1007.73,Normal,19079,Optimal,927,Bright Light,25805,Dry,152352.80,62008.48,179888.91,0,Low,31,Optimal,23,Low
2025-08-08 02:19:16,N/A,N/A,27.69,1007.67,Normal,19071,Optimal,927,Bright Light,25805,Dry,152277.07,61980.95,179796.75,0,Low,31,Optimal,23,Low
2025-08-08 02:24:18,27.85,85.60,27.69,1007.69,Normal,19117,Optimal,928,Bright Light,25808,Dry,154178.88,62671.83,182111.61,0,Low,31,Optimal,23,Low
2025-08-08 02:29:22,27.85,85.70,27.69,1007.60,Normal,19136,Optimal,928,Bright Light,25735,Dry,152504.34,62063.56,180073.34,0,Low,31,Optimal,23,Low
2025-08-08 02:34:25,27.85,85.30,27.62,1007.59,Normal,19118,Optimal,928,Bright Light,25814,Dry,157414.52,63845.15,186051.97,0,Low,31,Optimal,23,Low
2025-08-08 02:39:28,27.85,85.70,27.62,1007.55,Normal,19242,Optimal,928,Bright Light,25819,Dry,155790.31,63256.50,184073.70,0,Low,31,Optimal,22,Low
2025-08-08 02:44:30,27.95,85.40,27.62,1007.61,Normal,18996,Optimal,928,Bright Light,25815,Dry,156407.55,63480.28,184825.41,0,Low,31,Optimal,22,Low
2025-08-08 02:49:35,27.95,85.20,27.62,1007.53,Normal,18994,Optimal,928,Bright Light,25810,Dry,158738.76,64324.61,187665.36,0,Low,30,Optimal,22,Low
2025-08-08 02:54:38,27.95,85.20,27.62,1007.44,Normal,18951,Optimal,928,Bright Light,25815,Dry,155944.45,63312.39,184261.41,0,Low,30,Optimal,22,Low
2025-08-08 02:59:43,27.85,85.50,27.62,1007.43,Normal,18978,Optimal,928,Bright Light,25806,Dry,154026.08,62616.35,181925.58,0,Low,30,Optimal,22,Low
2025-08-08 03:04:46,27.85,85.50,27.62,1007.40,Normal,18988,Optimal,926,Bright Light,25717,Dry,152428.56,62036.02,179981.11,0,Low,30,Optimal,22,Low
2025-08-08 03:09:49,27.95,85.70,27.56,1007.44,Normal,18998,Optimal,928,Bright Light,25812,Dry,153187.70,62311.87,180905.05,0,Low,30,Optimal,22,Low
2025-08-08 03:14:54,N/A,N/A,27.56,1007.44,Normal,18955,Optimal,928,Bright Light,25816,Dry,155482.39,63144.83,183698.72,0,Low,30,Optimal,22,Low
2025-08-08 03:19:56,27.85,86.20,27.56,1007.38,Normal,18944,Optimal,928,Bright Light,25810,Dry,152201.37,61953.44,179704.63,0,Low,30,Optimal,22,Low
2025-08-08 03:25:01,27.85,86.90,27.50,1007.44,Normal,19045,Optimal,928,Bright Light,25805,Dry,152201.37,61953.44,179704.63,0,Low,30,Optimal,22,Low
2025-08-08 03:30:05,27.75,86.60,27.50,1007.36,Normal,19078,Optimal,928,Bright Light,25809,Dry,152201.37,61953.44,179704.63,0,Low,30,Optimal,22,Low
2025-08-08 03:35:08,27.65,86.40,27.50,1007.34,Normal,19147,Optimal,928,Bright Light,25814,Dry,155559.33,63172.73,183792.41,0,Low,30,Optimal,22,Low
2025-08-08 03:40:17,27.65,86.40,27.44,1007.31,Normal,19133,Optimal,928,Bright Light,25816,Dry,154944.64,62949.75,183043.92,0,Low,30,Optimal,22,Low
2025-08-08 03:45:20,27.65,87.20,27.44,1007.34,Normal,19175,Optimal,928,Bright Light,25809,Dry,150468.14,61322.97,177595.78,0,Low,30,Optimal,22,Low
2025-08-08 03:50:25,N/A,N/A,27.44,1007.39,Normal,19192,Optimal,929,Bright Light,25813,Dry,153416.01,62394.81,181182.94,0,Low,30,Optimal,22,Low
2025-08-08 03:55:29,27.65,87.20,27.44,1007.40,Normal,19198,Optimal,928,Bright Light,25808,Dry,151069.30,61541.73,178327.13,0,Low,30,Optimal,22,Low
2025-08-08 04:00:34,27.65,88.70,27.38,1007.39,Normal,19166,Optimal,929,Bright Light,25811,Dry,149420.50,60941.51,176321.45,0,Low,30,Optimal,22,Low
2025-08-08 04:05:39,27.65,88.90,27.38,1007.39,Normal,19099,Optimal,927,Bright Light,25807,Dry,150018.47,61159.27,177048.78,0,Low,30,Optimal,22,Low
2025-08-08 04:10:42,27.65,88.60,27.38,1007.39,Normal,19177,Optimal,929,Bright Light,25808,Dry,150918.84,61486.98,178144.08,0,Low,30,Optimal,22,Low
2025-08-08 04:15:45,N/A,N/A,27.38,1007.34,Normal,19190,Optimal,929,Bright Light,25717,Dry,151974.44,61870.93,179428.48,0,Low,30,Optimal,22,Low
2025-08-08 04:20:50,N/A,N/A,27.38,1007.39,Normal,19319,Optimal,929,Bright Light,25811,Dry,151219.87,61596.51,178510.33,0,Low,30,Optimal,22,Low
2025-08-08 04:25:53,27.65,88.90,27.38,1007.50,Normal,19201,Optimal,929,Bright Light,25818,Dry,151823.30,61815.98,179244.56,0,Low,30,Optimal,22,Low
2025-08-08 04:30:55,27.65,89.20,27.38,1007.50,Normal,19156,Optimal,929,Bright Light,25812,Dry,148898.76,60751.43,175686.92,0,Low,30,Optimal,22,Low
2025-08-08 04:36:00,27.75,88.80,27.38,1007.44,Normal,19178,Optimal,929,Bright Light,25814,Dry,151144.57,61569.11,178418.71,0,Low,30,Optimal,22,Low
2025-08-08 04:41:03,27.75,88.10,27.31,1007.58,Normal,19163,Optimal,929,Bright Light,25808,Dry,152125.70,61925.93,179612.54,0,Low,30,Optimal,22,Low
2025-08-08 04:46:08,27.75,88.60,27.31,1007.61,Normal,19202,Optimal,928,Bright Light,25807,Dry,150918.84,61486.98,178144.08,0,Low,30,Optimal,22,Low
2025-08-08 04:51:10,27.75,89.10,27.31,1007.60,Normal,19332,Optimal,929,Bright Light,25814,Dry,153644.57,62477.82,181461.16,0,Low,30,Optimal,22,Low
2025-08-08 04:56:13,27.75,87.90,27.31,1007.58,Normal,19160,Optimal,928,Bright Light,25815,Dry,154102.47,62644.09,182018.58,0,Low,30,Optimal,22,Low
2025-08-08 05:01:17,27.75,89.50,27.31,1007.58,Normal,19191,Optimal,929,Bright Light,25806,Dry,152428.56,62036.02,179981.11,0,Low,30,Optimal,22,Low
2025-08-08 05:06:20,27.75,88.80,27.31,1007.69,Normal,19177,Optimal,929,Bright Light,25806,Dry,151596.80,61733.61,178968.95,0,Low,30,Optimal,22,Low
2025-08-08 05:11:22,27.75,87.60,27.31,1007.68,Normal,19199,Optimal,929,Bright Light,25816,Dry,153949.72,62588.63,181832.62,0,Low,30,Optimal,22,Low
2025-08-08 05:16:26,27.75,88.10,27.31,1007.79,Normal,19115,Optimal,929,Bright Light,25810,Dry,153263.78,62339.51,180997.64,0,Low,30,Optimal,22,Low
2025-08-08 05:21:29,27.75,88.00,27.31,1007.84,Normal,19185,Optimal,929,Bright Light,25808,Dry,152125.70,61925.93,179612.54,0,Low,30,Optimal,22,Low
2025-08-08 05:26:32,27.65,87.70,27.31,1007.88,Normal,19260,Optimal,928,Bright Light,25720,Dry,151445.94,61678.74,178785.39,0,Low,30,Optimal,22,Low
2025-08-08 05:31:35,27.65,88.70,27.31,1007.91,Normal,19232,Optimal,929,Bright Light,25812,Dry,152352.80,62008.48,179888.91,0,Low,30,Optimal,22,Low
2025-08-08 05:36:37,27.65,88.60,27.25,1008.11,Normal,19115,Optimal,928,Bright Light,25815,Dry,153568.35,62450.14,181368.38,0,Low,30,Optimal,22,Low
2025-08-08 05:41:40,27.75,87.90,27.25,1007.88,Normal,19100,Optimal,928,Bright Light,25808,Dry,154867.94,62921.92,182950.53,0,Low,30,Optimal,22,Low
2025-08-08 05:46:43,27.65,87.60,27.25,1008.06,Normal,19089,Optimal,928,Bright Light,25807,Dry,156253.07,63424.28,184637.26,0,Low,30,Optimal,22,Low
2025-08-08 05:51:45,27.65,88.30,27.19,1008.13,Normal,19122,Optimal,928,Bright Light,25808,Dry,156794.26,63620.43,185296.43,0,Low,30,Optimal,22,Low
2025-08-08 05:56:49,27.65,87.40,27.19,1007.98,Normal,19261,Optimal,928,Bright Light,25808,Dry,156871.69,63648.49,185390.74,0,Low,30,Optimal,22,Low
2025-08-08 06:01:53,27.65,87.50,27.19,1008.07,Normal,19163,Optimal,928,Bright Light,25709,Dry,153568.35,62450.14,181368.38,0,Low,30,Optimal,22,Low
2025-08-08 06:06:56,N/A,N/A,27.19,1008.08,Normal,19088,Optimal,927,Bright Light,25771,Dry,156253.07,63424.28,184637.26,0,Low,30,Optimal,22,Low
2025-08-08 06:11:59,27.55,87.90,27.19,1008.27,Normal,19116,Optimal,926,Bright Light,25764,Dry,154026.08,62616.35,181925.58,0,Low,30,Optimal,22,Low
2025-08-08 06:17:02,N/A,N/A,27.19,1008.37,Normal,19129,Optimal,926,Bright Light,25773,Dry,157725.34,63957.73,186430.63,0,Low,30,Optimal,22,Low
2025-08-08 06:22:05,27.45,88.30,27.12,1008.28,Normal,19134,Optimal,926,Bright Light,25765,Dry,152125.70,61925.93,179612.54,0,Low,30,Optimal,22,Low
2025-08-08 06:27:10,27.55,88.10,27.12,1008.20,Normal,19106,Optimal,926,Bright Light,25774,Dry,156484.83,63508.29,184919.54,0,Low,30,Optimal,22,Low
2025-08-08 06:32:13,27.65,88.10,27.12,1008.33,Normal,19135,Optimal,927,Bright Light,25771,Dry,155021.38,62977.59,183137.36,0,Low,30,Optimal,22,Low
2025-08-08 06:37:16,27.65,89.40,27.12,1008.55,Normal,19097,Optimal,927,Bright Light,25705,Dry,151747.77,61788.51,179152.65,0,Low,30,Optimal,22,Low
2025-08-08 06:42:19,27.75,89.10,27.12,1008.49,Normal,19108,Optimal,927,Bright Light,25766,Dry,154102.47,62644.09,182018.58,0,Low,30,Optimal,22,Low
2025-08-08 06:47:23,27.95,88.20,27.12,1008.46,Normal,19137,Optimal,927,Bright Light,25770,Dry,156871.69,63648.49,185390.74,0,Low,30,Optimal,22,Low
2025-08-08 06:52:25,28.25,88.20,27.19,1008.54,Normal,19126,Optimal,927,Bright Light,25778,Dry,157259.28,63788.92,185862.87,0,Low,30,Optimal,22,Low
2025-08-08 06:57:30,28.45,88.10,27.19,1008.68,Normal,19082,Optimal,928,Bright Light,23897,Light Rain,157958.77,64042.26,186715.01,0,Low,30,Optimal,22,Low
2025-08-08 07:02:33,28.55,86.70,27.19,1008.71,Normal,19057,Optimal,928,Bright Light,20524,Light Rain,163480.46,66037.93,193445.76,0,Low,30,Optimal,22,Low
2025-08-08 07:07:36,28.45,86.80,27.25,1008.83,Normal,19095,Optimal,928,Bright Light,21752,Light Rain,160859.37,65091.52,190249.86,0,Low,30,Optimal,22,Low
2025-08-08 07:12:38,28.45,86.30,27.25,1008.91,Normal,19153,Optimal,928,Bright Light,22219,Light Rain,159208.16,64494.46,188237.35,0,Low,30,Optimal,22,Low
2025-08-08 07:17:42,28.35,88.20,27.25,1009.15,Normal,19164,Optimal,928,Bright Light,22589,Light Rain,158036.64,64070.45,186809.88,0,Low,30,Optimal,22,Low
2025-08-08 07:22:47,28.35,88.00,27.31,1009.14,Normal,19227,Optimal,927,Bright Light,22814,Light Rain,158348.40,64183.32,187189.72,0,Low,30,Optimal,22,Low
2025-08-08 07:27:49,28.65,87.90,27.31,1009.24,Normal,19390,Optimal,927,Bright Light,22951,Light Rain,162364.54,65635.20,192084.92,0,Low,30,Optimal,22,Low
2025-08-08 07:32:52,28.75,86.40,27.38,1009.33,Normal,19209,Optimal,926,Bright Light,23026,Light Rain,163800.37,66153.33,193835.93,0,Low,30,Optimal,22,Low
2025-08-08 07:37:55,29.05,86.30,27.38,1009.46,Normal,19331,Optimal,927,Bright Light,23303,Light Rain,166133.98,66994.40,196682.80,0,Low,30,Optimal,22,Low
2025-08-08 07:42:57,29.65,84.00,27.44,1009.48,Normal,19339,Optimal,925,Bright Light,23762,Light Rain,167595.12,67520.37,198465.94,0,Low,30,Optimal,22,Low
2025-08-08 07:48:00,29.65,82.40,27.56,1009.50,Normal,19466,Optimal,923,Bright Light,16659,Moderate Rain,164200.92,66297.78,194324.49,0,Low,30,Optimal,22,Low
2025-08-08 07:53:05,29.25,83.50,27.56,1009.60,Normal,19505,Optimal,927,Bright Light,17838,Moderate Rain,164361.35,66355.63,194520.18,0,Low,30,Optimal,22,Low
2025-08-08 07:58:08,29.15,84.00,27.56,1009.54,Normal,19606,Optimal,926,Bright Light,18554,Light Rain,165487.71,66761.60,195894.26,0,Low,30,Optimal,22,Low
2025-08-08 08:03:11,29.15,83.50,27.56,1009.72,Normal,19769,Optimal,926,Bright Light,19309,Light Rain,165004.26,66587.39,195304.46,0,Low,30,Optimal,22,Low
2025-08-08 08:08:13,28.95,83.50,27.62,1009.75,Normal,19791,Optimal,926,Bright Light,19511,Light Rain,165972.23,66936.14,196485.44,0,Low,30,Optimal,22,Low
2025-08-08 08:13:16,28.85,83.30,27.62,1009.82,Normal,19954,Optimal,926,Bright Light,19996,Light Rain,165084.76,66616.40,195402.67,0,Low,30,Optimal,22,Low
2025-08-08 08:18:18,28.85,84.30,27.56,1009.81,Normal,20089,Optimal,926,Bright Light,20278,Light Rain,163640.35,66095.61,193640.77,0,Low,30,Optimal,22,Low
2025-08-08 08:23:22,30.05,82.10,27.62,1010.02,Normal,20222,Optimal,922,Bright Light,20607,Light Rain,167188.27,67373.97,197969.38,0,Low,30,Optimal,22,Low
2025-08-08 08:28:27,31.35,76.30,27.69,1010.10,Normal,20225,Optimal,928,Bright Light,21288,Light Rain,168902.14,67990.45,200061.39,0,Low,30,Optimal,22,Low
2025-08-08 08:33:30,31.85,74.00,27.81,1010.25,Normal,20478,Optimal,926,Bright Light,22341,Light Rain,166863.33,67257.01,197572.82,0,Low,30,Optimal,22,Low
2025-08-08 08:38:34,32.75,72.70,27.94,1010.47,Normal,20595,Optimal,927,Bright Light,22790,Light Rain,169805.21,68315.02,201163.97,0,Low,30,Optimal,23,Low
2025-08-08 08:43:37,N/A,N/A,28.12,1010.68,Normal,21110,Optimal,924,Bright Light,23068,Light Rain,168329.36,67784.50,199362.17,0,Low,31,Optimal,23,Low
2025-08-08 08:48:40,34.25,68.40,28.38,1010.87,Normal,21296,Optimal,924,Bright Light,23733,Light Rain,168738.34,67931.56,199861.42,0,Low,31,Optimal,23,Low
2025-08-08 08:53:43,36.05,63.20,28.75,1011.11,Normal,21204,Optimal,927,Bright Light,23890,Light Rain,168411.10,67813.89,199461.94,0,Low,31,Optimal,23,Low
2025-08-08 08:58:48,N/A,N/A,29.00,1011.24,Normal,21781,Optimal,923,Bright Light,15899,Moderate Rain,163240.85,65951.48,193153.53,0,Low,31,Optimal,23,Low
2025-08-08 09:03:52,32.85,70.90,29.06,1010.99,Normal,21814,Optimal,916,Bright Light,17808,Moderate Rain,166538.87,67140.20,197176.87,0,Low,31,Optimal,23,Low
2025-08-08 09:08:55,31.75,74.00,29.06,1011.00,Normal,21967,Optimal,918,Bright Light,20477,Light Rain,164281.12,66326.70,194422.32,0,Low,31,Optimal,23,Low
2025-08-08 09:13:57,31.25,76.50,29.00,1011.03,Normal,21895,Optimal,914,Bright Light,23323,Light Rain,168247.66,67755.11,199262.43,0,Low,31,Optimal,23,Low
2025-08-08 09:18:59,31.45,76.40,28.94,1010.96,Normal,21920,Optimal,913,Bright Light,24220,Light Rain,166863.33,67257.01,197572.82,0,Low,31,Optimal,23,Low
2025-08-08 09:24:03,32.05,75.00,29.00,1011.11,Normal,22056,Optimal,912,Bright Light,24483,Light Rain,166538.87,67140.20,197176.87,0,Low,31,Optimal,23,Low
2025-08-08 09:29:05,32.25,74.10,29.06,1011.10,Normal,22288,Optimal,913,Bright Light,24600,Light Rain,168247.66,67755.11,199262.43,0,Low,31,Optimal,24,Low
2025-08-08 09:34:07,34.15,70.90,29.19,1011.25,Normal,21655,Optimal,896,Bright Light,24174,Light Rain,167432.29,67461.78,198267.20,0,Low,31,Optimal,24,Low
2025-08-08 09:39:11,35.15,66.00,29.44,1011.64,Normal,21218,Optimal,866,Bright Light,23433,Light Rain,144701.55,59219.70,170584.88,0,Low,31,Optimal,24,Low
2025-08-08 09:44:15,34.65,66.30,29.62,1011.55,Normal,21170,Optimal,859,Bright Light,22929,Light Rain,143467.30,58768.37,169085.40,0,Low,32,Optimal,24,Low
2025-08-08 09:49:19,N/A,N/A,29.75,1011.54,Normal,21349,Optimal,859,Bright Light,23296,Light Rain,142456.85,58398.57,167858.11,0,Low,32,Optimal,24,Low
2025-08-08 09:54:23,37.85,60.70,29.94,1010.78,Normal,22707,Optimal,919,Bright Light,25224,Dry,167025.74,67315.47,197771.03,0,Low,32,Optimal,25,Low
2025-08-08 09:59:26,42.25,50.50,30.31,1011.94,Normal,22956,Optimal,927,Bright Light,25475,Dry,167432.29,67461.78,198267.20,0,Low,33,Optimal,25,Low
2025-08-08 10:04:28,44.85,45.10,30.81,1012.90,Normal,22777,Optimal,922,Bright Light,25284,Dry,153035.64,62256.63,180719.97,0,Low,33,Optimal,26,Low
2025-08-08 10:09:31,46.05,44.00,31.31,1013.54,Normal,22259,Optimal,905,Bright Light,24804,Light Rain,164602.22,66442.47,194814.00,0,Low,34,Optimal,26,Low
2025-08-08 10:14:34,47.65,40.50,31.81,1013.93,Normal,21277,Optimal,852,Bright Light,23599,Light Rain,168820.22,67961.00,199961.38,0,Low,34,Optimal,27,Low
2025-08-08 10:19:38,48.85,39.00,32.25,1014.32,Normal,22249,Optimal,900,Bright Light,24700,Light Rain,174628.04,70045.27,207055.31,0,Low,35,Optimal,27,Low
2025-08-08 10:24:41,49.35,38.90,32.69,1014.31,Normal,22709,Optimal,922,Bright Light,25494,Dry,173789.14,69744.68,206030.19,0,Low,35,Optimal,28,Low
2025-08-08 10:29:44,50.15,37.20,33.12,1014.02,Normal,22465,Optimal,911,Bright Light,25146,Dry,178869.10,71562.59,212240.12,0,Low,36,Optimal,28,Low
2025-08-08 10:34:48,50.85,35.60,33.50,1014.17,Normal,22809,Optimal,923,Bright Light,25377,Dry,173956.67,69804.72,206234.90,0,Low,36,Optimal,29,Low
2025-08-08 10:39:51,51.45,34.20,33.88,1014.31,Normal,N/A,N/A,N/A,N/A,N/A,N/A,N/A,N/A,N/A,0,Low,37,Optimal,29,Low
2025-08-08 10:44:53,50.95,36.50,33.94,1014.73,Normal,N/A,N/A,N/A,N/A,N/A,N/A,N/A,N/A,N/A,0,Low,37,Optimal,29,Low
2025-08-08 10:49:56,51.15,36.40,34.12,1012.35,Normal,N/A,N/A,N/A,N/A,N/A,N/A,N/A,N/A,N/A,0,Low,37,Optimal,29,Low
2025-08-08 10:54:59,51.15,35.90,34.44,1014.84,Normal,N/A,N/A,N/A,N/A,N/A,N/A,N/A,N/A,N/A,0,Low,38,Optimal,30,Low
2025-08-08 11:00:03,51.35,34.20,34.69,1014.93,Normal,N/A,N/A,N/A,N/A,N/A,N/A,N/A,N/A,N/A,0,Low,38,Optimal,30,Low
2025-08-08 11:05:08,51.35,36.20,34.94,1014.88,Normal,N/A,N/A,N/A,N/A,N/A,N/A,N/A,N/A,N/A,0,Low,38,Optimal,30,Low
2025-08-08 11:10:10,51.35,34.80,35.12,1015.09,High (Stable),N/A,N/A,N/A,N/A,N/A,N/A,N/A,N/A,N/A,0,Low,39,Optimal,31,Low
2025-08-08 11:15:15,50.95,35.20,35.38,1015.01,High (Stable),N/A,N/A,N/A,N/A,N/A,N/A,N/A,N/A,N/A,0,Low,39,Optimal,31,Low
2025-08-08 11:20:18,51.05,34.20,35.50,1015.86,High (Stable),N/A,N/A,N/A,N/A,N/A,N/A,N/A,N/A,N/A,0,Low,39,Optimal,31,Low
2025-08-08 11:25:22,50.15,36.30,35.44,1015.83,High (Stable),N/A,N/A,N/A,N/A,N/A,N/A,N/A,N/A,N/A,0,Low,39,Optimal,31,Low
2025-08-08 11:30:25,49.65,36.30,35.25,1015.64,High (Stable),N/A,N/A,N/A,N/A,N/A,N/A,N/A,N/A,N/A,0,Low,40,Optimal,32,Low
2025-08-08 11:35:27,48.35,37.10,35.06,1015.37,High (Stable),N/A,N/A,N/A,N/A,N/A,N/A,N/A,N/A,N/A,0,Low,40,Optimal,32,Low
2025-08-08 11:40:29,46.55,39.50,34.94,1015.00,Normal,N/A,N/A,N/A,N/A,N/A,N/A,N/A,N/A,N/A,0,Low,40,Optimal,32,Low
2025-08-08 11:45:34,45.35,41.60,34.81,1014.85,Normal,N/A,N/A,N/A,N/A,N/A,N/A,N/A,N/A,N/A,0,Low,40,Optimal,32,Low
2025-08-08 11:50:36,N/A,N/A,34.69,1014.82,Normal,N/A,N/A,N/A,N/A,N/A,N/A,N/A,N/A,N/A,0,Low,40,Optimal,32,Low
2025-08-08 11:55:39,42.65,45.30,34.56,1014.38,Normal,N/A,N/A,N/A,N/A,N/A,N/A,N/A,N/A,N/A,0,Low,40,Optimal,32,Low
2025-08-08 12:00:43,41.55,46.90,34.56,1014.16,Normal,N/A,N/A,N/A,N/A,N/A,N/A,N/A,N/A,N/A,0,Low,40,Optimal,32,Low
2025-08-08 12:05:46,40.85,49.30,34.62,1013.80,Normal,N/A,N/A,N/A,N/A,N/A,N/A,N/A,N/A,N/A,0,Low,40,Optimal,32,Low
2025-08-08 12:10:51,41.05,50.10,34.81,1013.95,Normal,N/A,N/A,N/A,N/A,N/A,N/A,N/A,N/A,N/A,0,Low,40,Optimal,32,Low
2025-08-08 12:15:55,44.85,43.30,35.19,1013.28,Normal,N/A,N/A,N/A,N/A,N/A,N/A,N/A,N/A,N/A,0,Low,40,Optimal,32,Low
2025-08-08 12:20:58,47.05,39.30,35.50,1013.60,Normal,N/A,N/A,N/A,N/A,N/A,N/A,N/A,N/A,N/A,0,Low,40,Optimal,32,Low
2025-08-08 12:26:02,49.15,38.20,35.88,1014.23,Normal,N/A,N/A,N/A,N/A,N/A,N/A,N/A,N/A,N/A,0,Low,40,Optimal,32,Low
2025-08-08 12:31:07,50.15,35.40,36.19,1015.54,High (Stable),N/A,N/A,N/A,N/A,N/A,N/A,N/A,N/A,N/A,0,Low,40,Optimal,32,Low
2025-08-08 12:36:09,51.85,33.90,36.44,1014.83,Normal,N/A,N/A,N/A,N/A,N/A,N/A,N/A,N/A,N/A,0,Low,40,Optimal,32,Low
2025-08-08 12:41:12,52.15,34.00,36.75,1014.97,Normal,N/A,N/A,N/A,N/A,N/A,N/A,N/A,N/A,N/A,0,Low,40,Optimal,32,Low
2025-08-08 12:46:14,50.65,34.50,36.81,1014.61,Normal,N/A,N/A,N/A,N/A,N/A,N/A,N/A,N/A,N/A,0,Low,41,Optimal,33,Low
2025-08-08 12:51:17,51.35,34.10,36.88,1014.95,Normal,N/A,N/A,N/A,N/A,N/A,N/A,N/A,N/A,N/A,0,Low,41,Optimal,33,Low
2025-08-08 12:56:19,50.25,36.10,36.88,1015.09,High (Stable),N/A,N/A,N/A,N/A,N/A,N/A,N/A,N/A,N/A,0,Low,41,Optimal,33,Low
2025-08-08 13:01:22,48.05,38.30,36.88,1014.75,Normal,N/A,N/A,N/A,N/A,N/A,N/A,N/A,N/A,N/A,0,Low,41,Optimal,33,Low
2025-08-08 13:06:25,46.45,39.70,36.69,1014.71,Normal,N/A,N/A,N/A,N/A,N/A,N/A,N/A,N/A,N/A,0,Low,42,Optimal,34,Low
2025-08-08 13:11:27,44.15,42.30,36.44,1014.15,Normal,N/A,N/A,N/A,N/A,N/A,N/A,N/A,N/A,N/A,0,Low,42,Optimal,34,Low
2025-08-08 13:16:33,42.25,45.50,36.12,1013.87,Normal,N/A,N/A,N/A,N/A,N/A,N/A,N/A,N/A,N/A,0,Low,42,Optimal,34,Low
2025-08-08 13:21:36,40.55,48.40,35.81,1013.36,Normal,N/A,N/A,N/A,N/A,N/A,N/A,N/A,N/A,N/A,0,Low,42,Optimal,34,Low
2025-08-08 13:26:39,39.65,50.70,35.62,1012.94,Normal,20663,Optimal,877,Bright Light,24138,Light Rain,106244.09,44940.88,124066.72,0,Low,41,Optimal,33,Low
2025-08-08 13:31:42,38.85,53.30,35.44,1012.65,Normal,20740,Optimal,871,Bright Light,24115,Light Rain,104979.64,44462.90,122545.12,0,Low,41,Optimal,33,Low
2025-08-08 13:36:45,38.55,52.50,35.38,1012.56,Normal,21131,Optimal,886,Bright Light,24601,Light Rain,102596.91,43560.51,119679.37,0,Low,41,Optimal,33,Low
2025-08-08 13:41:47,38.25,53.40,35.31,1012.44,Normal,20725,Optimal,863,Bright Light,24423,Light Rain,103613.08,43945.63,120901.29,0,Low,41,Optimal,33,Low
2025-08-08 13:46:50,38.25,54.10,35.12,1012.33,Normal,21114,Optimal,878,Bright Light,24304,Light Rain,103839.91,44031.54,121174.10,0,Low,40,Optimal,32,Low
2025-08-08 13:51:54,37.95,54.50,35.00,1012.09,Normal,21165,Optimal,873,Bright Light,24240,Light Rain,103273.53,43816.98,120492.95,0,Low,40,Optimal,32,Low
2025-08-08 13:56:55,37.95,55.30,34.81,1012.01,Normal,21210,Optimal,872,Bright Light,24215,Light Rain,103896.68,44053.03,121242.38,0,Low,40,Optimal,32,Low
2025-08-08 14:01:58,37.45,57.20,34.62,1011.74,Normal,21492,Optimal,875,Bright Light,24376,Light Rain,100975.41,42945.13,117730.32,0,Low,40,Optimal,32,Low
2025-08-08 14:07:01,37.15,54.70,34.50,1011.67,Normal,21631,Optimal,876,Bright Light,24395,Light Rain,100254.76,42671.30,116864.41,0,Low,40,Optimal,32,Low
2025-08-08 14:12:05,36.75,55.90,34.44,1011.51,Normal,21326,Optimal,860,Bright Light,24287,Light Rain,96011.01,41054.44,111769.14,0,Low,40,Optimal,32,Low
2025-08-08 14:17:10,37.05,57.60,34.44,1011.49,Normal,21815,Optimal,863,Bright Light,24674,Light Rain,98388.11,41961.03,114622.38,0,Low,39,Optimal,31,Low
2025-08-08 14:22:15,37.75,54.60,34.69,1011.49,Normal,22217,Optimal,885,Bright Light,24684,Light Rain,98333.60,41940.27,114556.94,0,Low,39,Optimal,31,Low
2025-08-08 14:27:20,38.85,52.60,35.00,1011.59,Normal,22048,Optimal,885,Bright Light,24685,Light Rain,99208.41,42273.34,115607.49,0,Low,39,Optimal,31,Low
2025-08-08 14:32:24,40.05,49.60,35.44,1011.59,Normal,21928,Optimal,885,Bright Light,24690,Light Rain,101197.92,43029.64,117997.72,0,Low,39,Optimal,31,Low
2025-08-08 14:37:27,41.65,48.10,35.75,1011.88,Normal,21916,Optimal,885,Bright Light,24734,Light Rain,104123.97,44139.10,121515.77,0,Low,39,Optimal,31,Low
2025-08-08 14:42:30,43.15,45.30,36.06,1012.04,Normal,21761,Optimal,880,Bright Light,24721,Light Rain,103386.62,43859.84,120628.95,0,Low,39,Optimal,31,Low
2025-08-08 14:47:33,44.15,44.20,36.38,1012.21,Normal,21714,Optimal,878,Bright Light,24744,Light Rain,105667.94,44723.16,123373.33,0,Low,39,Optimal,31,Low
2025-08-08 14:52:36,44.05,43.20,36.56,1012.18,Normal,21420,Optimal,878,Bright Light,24759,Light Rain,102259.85,43432.68,119274.14,0,Low,40,Optimal,32,Low
2025-08-08 14:57:38,43.95,44.10,36.50,1012.11,Normal,21622,Optimal,882,Bright Light,24665,Light Rain,105151.40,44527.86,122751.78,0,Low,40,Optimal,32,Low
2025-08-08 15:02:41,44.05,43.20,36.31,1012.19,Normal,21589,Optimal,882,Bright Light,24661,Light Rain,103217.02,43795.57,120424.99,0,Low,40,Optimal,32,Low
2025-08-08 15:07:44,43.55,43.90,36.06,1012.16,Normal,21611,Optimal,882,Bright Light,24664,Light Rain,116960.33,48968.15,136983.94,0,Low,40,Optimal,32,Low
2025-08-08 15:12:46,42.55,45.10,35.81,1012.09,Normal,21658,Optimal,882,Bright Light,24662,Light Rain,108983.53,45974.36,127365.15,0,Low,40,Optimal,32,Low
2025-08-08 15:17:49,41.35,47.80,35.56,1011.80,Normal,21772,Optimal,882,Bright Light,24665,Light Rain,129670.43,53694.06,152351.50,0,Low,40,Optimal,32,Low
2025-08-08 15:22:52,41.35,47.60,35.44,1011.69,Normal,21865,Optimal,882,Bright Light,24734,Light Rain,103839.91,44031.54,121174.10,0,Low,40,Optimal,32,Low
2025-08-08 15:27:57,40.95,48.30,35.19,1011.46,Normal,21642,Optimal,867,Bright Light,24674,Light Rain,96601.23,41279.76,112477.39,0,Low,40,Optimal,32,Low
2025-08-08 15:33:02,40.35,49.20,35.00,1011.43,Normal,22006,Optimal,882,Bright Light,24657,Light Rain,104294.69,44203.72,121721.11,0,Low,40,Optimal,32,Low
2025-08-08 15:38:05,39.35,51.00,34.81,1011.46,Normal,22035,Optimal,881,Bright Light,24670,Light Rain,159914.23,64749.85,189097.84,0,Low,40,Optimal,32,Low
2025-08-08 15:43:09,38.15,52.60,34.69,1011.21,Normal,22093,Optimal,882,Bright Light,24709,Light Rain,161808.76,65434.51,191407.27,0,Low,39,Optimal,31,Low
2025-08-08 15:48:14,37.55,55.40,34.50,1011.04,Normal,21999,Optimal,879,Bright Light,24640,Light Rain,156098.70,63368.32,184449.26,0,Low,39,Optimal,31,Low
2025-08-08 15:53:17,37.25,56.80,34.31,1011.01,Normal,22040,Optimal,879,Bright Light,24663,Light Rain,160938.33,65120.05,190346.11,0,Low,39,Optimal,31,Low
2025-08-08 15:58:20,37.05,56.30,34.19,1010.91,Normal,22079,Optimal,880,Bright Light,24663,Light Rain,158582.53,64268.07,187474.99,0,Low,39,Optimal,31,Low
2025-08-08 16:03:23,36.35,56.40,34.12,1010.67,Normal,21006,Optimal,845,Bright Light,23428,Light Rain,149345.88,60914.33,176230.70,0,Low,39,Optimal,31,Low
2025-08-08 16:08:28,35.75,58.60,33.94,1010.67,Normal,21466,Optimal,844,Bright Light,23847,Light Rain,151898.86,61843.45,179336.50,0,Low,39,Optimal,31,Low
2025-08-08 16:13:31,35.25,60.00,33.81,1010.55,Normal,N/A,N/A,N/A,N/A,N/A,N/A,N/A,N/A,N/A,0,Low,38,Optimal,30,Low
2025-08-08 16:18:33,34.85,62.00,33.69,1010.46,Normal,N/A,N/A,N/A,N/A,N/A,N/A,N/A,N/A,N/A,0,Low,38,Optimal,30,Low
2025-08-08 16:23:35,34.65,63.00,33.50,1010.46,Normal,N/A,N/A,N/A,N/A,N/A,N/A,N/A,N/A,N/A,0,Low,38,Optimal,30,Low
2025-08-08 16:28:37,34.35,62.60,33.38,1010.41,Normal,N/A,N/A,N/A,N/A,N/A,N/A,N/A,N/A,N/A,0,Low,38,Optimal,30,Low
2025-08-08 16:33:40,34.35,63.50,33.31,1010.31,Normal,N/A,N/A,N/A,N/A,N/A,N/A,N/A,N/A,N/A,0,Low,38,Optimal,30,Low
2025-08-08 16:38:43,34.25,64.90,33.19,1010.28,Normal,N/A,N/A,N/A,N/A,N/A,N/A,N/A,N/A,N/A,0,Low,38,Optimal,30,Low
2025-08-08 16:43:47,34.15,64.90,33.06,1010.29,Normal,N/A,N/A,N/A,N/A,N/A,N/A,N/A,N/A,N/A,0,Low,37,Optimal,29,Low
2025-08-08 16:48:50,33.85,65.00,32.94,1010.24,Normal,N/A,N/A,N/A,N/A,N/A,N/A,N/A,N/A,N/A,0,Low,37,Optimal,29,Low
2025-08-08 16:53:52,33.45,64.50,32.88,1010.36,Normal,N/A,N/A,N/A,N/A,N/A,N/A,N/A,N/A,N/A,0,Low,37,Optimal,29,Low
2025-08-08 16:58:55,32.95,66.10,32.75,1010.25,Normal,N/A,N/A,N/A,N/A,N/A,N/A,N/A,N/A,N/A,0,Low,37,Optimal,29,Low
2025-08-08 17:03:58,32.75,68.00,32.62,1010.37,Normal,20843,Optimal,817,Bright Light,23067,Light Rain,167839.60,67608.33,198764.34,0,Low,37,Optimal,29,Low
2025-08-08 17:09:03,32.55,69.00,32.50,1010.35,Normal,N/A,N/A,N/A,N/A,22888,Light Rain,167758.08,67579.00,198664.83,0,Low,36,Optimal,29,Low
2025-08-08 17:14:06,32.25,69.40,32.38,1010.08,Normal,21306,Optimal,831,Bright Light,23576,Light Rain,169969.80,68374.15,201364.94,0,Low,36,Optimal,29,Low
2025-08-08 17:19:11,31.95,71.10,32.25,1010.23,Normal,21650,Optimal,846,Bright Light,23997,Light Rain,171788.35,69027.12,203585.87,0,Low,36,Optimal,29,Low
2025-08-08 17:24:14,31.85,71.30,32.12,1010.06,Normal,21877,Optimal,855,Bright Light,24232,Light Rain,171705.37,68997.35,203484.51,0,Low,36,Optimal,29,Low
2025-08-08 17:29:17,31.65,71.60,32.06,1010.28,Normal,21676,Optimal,845,Bright Light,23953,Light Rain,172453.31,69265.70,204398.14,0,Low,36,Optimal,28,Low
2025-08-08 17:34:19,31.55,71.20,31.94,1010.29,Normal,21833,Optimal,852,Bright Light,24135,Light Rain,172370.09,69235.85,204296.47,0,Low,36,Optimal,28,Low
2025-08-08 17:39:22,31.45,74.10,31.88,1010.45,Normal,21789,Optimal,846,Bright Light,23993,Light Rain,172953.33,69445.03,205008.99,0,Low,36,Optimal,28,Low
2025-08-08 17:44:25,31.25,73.30,31.69,1010.40,Normal,21456,Optimal,860,Bright Light,24381,Light Rain,168738.34,67931.56,199861.42,0,Low,35,Optimal,28,Low
2025-08-08 17:49:28,31.25,74.80,31.62,1010.34,Normal,22151,Optimal,862,Bright Light,24468,Light Rain,170629.38,68611.07,202170.38,0,Low,35,Optimal,28,Low
2025-08-08 17:54:32,31.05,72.90,31.56,1010.38,Normal,22069,Optimal,862,Bright Light,24433,Light Rain,171788.35,69027.12,203585.87,0,Low,35,Optimal,28,Low
2025-08-08 17:59:35,30.85,74.40,31.50,1010.54,Normal,21920,Optimal,854,Bright Light,24231,Light Rain,168738.34,67931.56,199861.42,0,Low,35,Optimal,28,Low
2025-08-08 18:04:40,30.55,75.30,31.38,1010.53,Normal,22018,Optimal,857,Bright Light,24319,Light Rain,168574.66,67872.71,199661.60,0,Low,35,Optimal,27,Low
2025-08-08 18:09:42,30.45,76.70,31.31,1010.64,Normal,21869,Optimal,851,Bright Light,24134,Light Rain,169394.27,68167.35,200662.22,0,Low,35,Optimal,27,Low
2025-08-08 18:14:46,30.45,78.50,31.06,1010.75,Normal,21685,Optimal,843,Bright Light,23767,Light Rain,178099.95,71287.70,211299.54,0,Low,35,Optimal,27,Low
2025-08-08 18:19:49,30.25,79.60,30.94,1010.83,Normal,21480,Optimal,855,Bright Light,24189,Light Rain,174040.49,69834.76,206337.31,0,Low,35,Optimal,27,Low
2025-08-08 18:24:52,29.95,79.70,30.88,1010.82,Normal,21742,Optimal,844,Bright Light,23934,Light Rain,178099.95,71287.70,211299.54,0,Low,35,Optimal,27,Low
2025-08-08 18:29:55,29.95,80.50,30.81,N/A,N/A,22036,Optimal,860,Bright Light,24187,Light Rain,176399.80,70679.63,209220.88,0,Low,35,Optimal,27,Low
2025-08-08 18:35:00,29.75,80.80,30.75,N/A,N/A,22071,Optimal,862,Bright Light,24245,Light Rain,176484.51,70709.94,209324.43,0,Low,35,Optimal,28,Low
2025-08-08 18:40:03,29.75,81.80,30.69,N/A,N/A,22238,Optimal,866,Bright Light,24364,Light Rain,174040.49,69834.76,206337.31,0,Low,35,Optimal,28,Low
2025-08-08 18:45:05,29.55,81.70,30.56,N/A,N/A,22144,Optimal,865,Bright Light,24322,Light Rain,176993.44,70892.02,209946.60,0,Low,35,Optimal,28,Low
2025-08-08 18:50:07,29.65,79.20,30.50,N/A,N/A,22108,Optimal,860,Bright Light,24186,Light Rain,178697.96,71501.43,212030.82,0,Low,35,Optimal,28,Low
2025-08-08 18:55:09,29.55,81.80,30.44,N/A,N/A,21426,Optimal,829,Bright Light,24241,Light Rain,178014.65,71257.20,211195.23,0,Low,35,Optimal,28,Low
2025-08-08 19:00:12,29.55,81.50,30.38,N/A,N/A,22266,Optimal,865,Bright Light,24300,Light Rain,182318.35,72793.78,216459.71,0,Low,35,Optimal,28,Low
2025-08-08 19:05:14,29.45,81.20,30.31,N/A,N/A,22209,Optimal,864,Bright Light,24302,Light Rain,176993.44,70892.02,209946.60,0,Low,35,Optimal,28,Low
2025-08-08 19:10:16,29.25,83.50,30.25,N/A,N/A,21891,Optimal,851,Bright Light,23927,Light Rain,177078.37,70922.40,210050.44,0,Low,35,Optimal,28,Low
2025-08-08 19:15:21,29.25,82.20,30.19,N/A,N/A,21944,Optimal,856,Bright Light,24046,Light Rain,177078.37,70922.40,210050.44,0,Low,35,Optimal,28,Low
2025-08-08 19:20:25,29.25,82.60,30.12,N/A,N/A,21738,Optimal,846,Bright Light,23789,Light Rain,175385.69,70316.62,207981.28,0,Low,35,Optimal,28,Low
2025-08-08 19:25:26,29.05,82.20,30.06,N/A,N/A,21295,Optimal,826,Bright Light,23229,Light Rain,174460.01,69985.08,206849.97,0,Low,35,Optimal,28,Low
2025-08-08 19:30:30,28.95,81.80,30.00,N/A,N/A,22136,Optimal,862,Bright Light,24239,Light Rain,174964.46,70165.78,207466.46,0,Low,35,Optimal,28,Low
2025-08-08 19:35:34,28.85,84.70,29.94,N/A,N/A,21586,Optimal,839,Bright Light,23590,Light Rain,170629.38,68611.07,202170.38,0,Low,35,Optimal,28,Low
2025-08-08 19:40:36,28.75,84.00,29.88,N/A,N/A,22483,Optimal,878,Bright Light,24655,Light Rain,168984.08,68019.91,200161.43,0,Low,35,Optimal,28,Low
